{
    "loss": 3.721416711807251,
    "accuracy": 0.5035971403121948
}